<?xml version="1.0" standalone="no"?>
<manifest identifier="com.scorm.golfsamples.runtime.basicruntime.12" version="1"
  xmlns="http://www.imsproject.org/xsd/imscp_rootv1p1p2"
  xmlns:adlcp="http://www.adlnet.org/xsd/adlcp_rootv1p2"
  xmlns:xsi="http://www.w3.org/2001/XMLSchema-instance"
  xsi:schemaLocation="http://www.imsproject.org/xsd/imscp_rootv1p1p2 imscp_rootv1p1p2.xsd
                      http://www.imsglobal.org/xsd/imsmd_rootv1p2p1 imsmd_rootv1p2p1.xsd
                      http://www.adlnet.org/xsd/adlcp_rootv1p2 adlcp_rootv1p2.xsd">

  <metadata>
    <schema>ADL SCORM</schema>
    <schemaversion>1.2</schemaversion>
  </metadata>
  <organizations default="four_geeks_academy_org">
    <organization identifier="four_geeks_academy_org">
      <title>Prompt Engineering Course</title>
      <item identifier="item_1" identifierref="resource">
        <title>Prompt Engineering</title>
      </item>
    </organization>
  </organizations>
  <resources>
    <resource identifier="resource" type="webcontent" adlcp:scormtype="sco"
      href="config/index.html">
      <file href="resources\00-welcome\README.es.html" />
<file href="resources\00-welcome\README.html" />
<file href="resources\00.1-brieftly-understand-generative-ai\README.es.html" />
<file href="resources\00.1-brieftly-understand-generative-ai\README.html" />
<file href="resources\01-what-is-prompting\README.es.html" />
<file href="resources\01-what-is-prompting\README.html" />
<file href="resources\01.1-obtain-api-key\README.es.html" />
<file href="resources\01.1-obtain-api-key\README.html" />
<file href="resources\02-write-your-first-prompt-\README.es.html" />
<file href="resources\02-write-your-first-prompt-\README.html" />
<file href="resources\02.1-importance-of-detailed-instructions\README.es.html" />
<file href="resources\02.1-importance-of-detailed-instructions\README.html" />
<file href="resources\03-acting-as-an-expert\README.es.html" />
<file href="resources\03-acting-as-an-expert\README.html" />
<file href="resources\03.1-patient-story\README.es.html" />
<file href="resources\03.1-patient-story\README.html" />
<file href="resources\04-delimiters-and-how-to-avoid-missunderstanding\README.es.html" />
<file href="resources\04-delimiters-and-how-to-avoid-missunderstanding\README.html" />
<file href="resources\04.1-fix-the-failing-translation-prompt\README.es.html" />
<file href="resources\04.1-fix-the-failing-translation-prompt\README.html" />
<file href="resources\05-some-shots-prompts\README.es.html" />
<file href="resources\05-some-shots-prompts\README.html" />
<file href="resources\05.1-obtaining-a-correct-list-of-products\README.es.html" />
<file href="resources\05.1-obtaining-a-correct-list-of-products\README.html" />
<file href="resources\06-what-is-context-in-prompting\README.es.html" />
<file href="resources\06-what-is-context-in-prompting\README.html" />
<file href="resources\06.1-google-algorithm-leak\README.es.html" />
<file href="resources\06.1-google-algorithm-leak\README.html" />

      <file href="config/index.html" />
      <file href="config/api.js" />
      <file href="resources/styles/styles.css" />
    </resource>
  </resources>
</manifest>